{"max_vertex": 23, "max_face": 5, "dfa": {}, "vertex": {"0": {"y": 2.1309120655059814, "z": 1.1759293079376221, "x": 2.7167208194732666}, "1": {"y": 3.1625821590423584, "z": 2.9292261600494385, "x": 2.8092029094696045}, "2": {"y": 2.7893955707550049, "z": 3.2510581016540527, "x": 0.87086433172225952}, "3": {"y": 1.757725715637207, "z": 1.4977612495422363, "x": 0.77838218212127686}, "4": {"y": 2.1309120655059814, "z": 1.1759293079376221, "x": 2.7167208194732666}, "5": {"y": 1.757725715637207, "z": 1.4977612495422363, "x": 0.77838218212127686}, "6": {"y": 2.9400358200073242, "z": 0.46961876749992371, "x": 0.38004565238952637}, "7": {"y": 3.3132224082946777, "z": 0.14778678119182587, "x": 2.3183841705322266}, "8": {"y": 4.9532384872436523, "z": 2.0346734523773193, "x": 2.315922737121582}, "9": {"y": 3.1625821590423584, "z": 2.9292261600494385, "x": 2.8092029094696045}, "10": {"y": 2.1309120655059814, "z": 1.1759293079376221, "x": 2.7167208194732666}, "11": {"y": 3.3132224082946777, "z": 0.14778678119182587, "x": 2.3183841705322266}, "12": {"y": 4.9532384872436523, "z": 2.0346734523773193, "x": 2.315922737121582}, "13": {"y": 3.3132224082946777, "z": 0.14778678119182587, "x": 2.3183841705322266}, "14": {"y": 2.9400358200073242, "z": 0.46961876749992371, "x": 0.38004565238952637}, "15": {"y": 4.3832502365112305, "z": 2.1300787925720215, "x": 0.37787950038909912}, "16": {"y": 2.9400358200073242, "z": 0.46961876749992371, "x": 0.38004565238952637}, "17": {"y": 1.757725715637207, "z": 1.4977612495422363, "x": 0.77838218212127686}, "18": {"y": 2.7893955707550049, "z": 3.2510581016540527, "x": 0.87086433172225952}, "19": {"y": 4.3832502365112305, "z": 2.1300787925720215, "x": 0.37787950038909912}, "20": {"y": 4.3832502365112305, "z": 2.1300787925720215, "x": 0.37787950038909912}, "21": {"y": 2.7893955707550049, "z": 3.2510581016540527, "x": 0.87086433172225952}, "22": {"y": 3.1625821590423584, "z": 2.9292261600494385, "x": 2.8092029094696045}, "23": {"y": 4.9532384872436523, "z": 2.0346734523773193, "x": 2.315922737121582}}, "dea": {}, "face": {"0": [0, 1, 2, 3], "1": [4, 5, 6, 7], "2": [8, 9, 10, 11], "3": [12, 13, 14, 15], "4": [16, 17, 18, 19], "5": [20, 21, 22, 23]}, "facedata": {"0": {}, "1": {}, "2": {}, "3": {}, "4": {}, "5": {}}, "attributes": {"name": "Box"}, "dva": {"y": 0.0, "z": 0.0, "x": 0.0}, "edgedata": {}}