{"compas": "1.7.1", "datatype": "compas.datastructures/Mesh", "data": {"facedata": {"0": {}, "1": {}, "2": {}, "3": {}, "4": {}, "5": {}, "6": {}, "7": {}, "8": {}, "9": {}, "10": {}, "11": {}, "12": {}, "13": {}, "14": {}, "15": {}, "16": {}, "17": {}, "18": {}, "19": {}, "20": {}, "21": {}, "22": {}, "23": {}, "24": {}}, "dva": {"z": 0.0, "y": 0.0, "x": 0.0}, "face": {"0": [11, 37, 35, 56, 43, 0], "1": [52, 34, 36, 39, 35, 37], "2": [7, 67, 18, 3, 36, 34], "3": [2, 57, 25, 44, 18, 67], "4": [24, 32, 69, 26, 25, 57], "5": [21, 54, 52, 37, 11, 12], "6": [63, 5, 7, 34, 52, 54], "7": [10, 45, 2, 67, 7, 5], "8": [28, 46, 24, 57, 2, 45], "9": [33, 41, 27, 32, 24, 46], "10": [13, 9, 21, 12, 68, 53], "11": [17, 40, 63, 54, 21, 9], "12": [38, 51, 10, 5, 63, 40], "13": [58, 64, 28, 45, 10, 51], "14": [60, 14, 33, 46, 28, 64], "15": [19, 1, 17, 9, 13, 47], "16": [8, 61, 38, 40, 17, 1], "17": [4, 20, 58, 51, 38, 61], "18": [42, 49, 60, 64, 58, 20], "19": [6, 62, 29, 14, 60, 49], "20": [31, 59, 19, 47, 65, 16], "21": [66, 30, 8, 1, 19, 59], "22": [23, 15, 4, 61, 8, 30], "23": [55, 22, 42, 20, 4, 15], "24": [48, 50, 6, 49, 42, 22]}, "edgedata": {}, "dfa": {}, "max_vertex": 69, "dea": {}, "attributes": {"name": "Mesh"}, "max_face": 24, "vertex": {"0": {"z": 0.0, "y": -173.20508075688772, "x": 100.0}, "1": {"z": 0.0, "y": 346.41016151377545, "x": 1000.0}, "2": {"z": 0.0, "y": 1039.2304845413264, "x": 200.0}, "3": {"z": 0.0, "y": 692.8203230275509, "x": -200.0}, "4": {"z": 0.0, "y": 866.02540378443871, "x": 1100.0}, "5": {"z": 0.0, "y": 692.8203230275509, "x": 400.0}, "6": {"z": 0.0, "y": 1558.8457268119896, "x": 1100.0}, "7": {"z": 0.0, "y": 692.8203230275509, "x": 200.0}, "8": {"z": 0.0, "y": 519.6152422706632, "x": 1100.0}, "9": {"z": 0.0, "y": 173.20508075688772, "x": 700.0}, "10": {"z": 0.0, "y": 866.02540378443871, "x": 500.0}, "11": {"z": 0.0, "y": 0.0, "x": 200.0}, "12": {"z": 0.0, "y": 0.0, "x": 400.0}, "13": {"z": 0.0, "y": 0.0, "x": 800.0}, "14": {"z": 0.0, "y": 1558.8457268119896, "x": 700.0}, "15": {"z": 0.0, "y": 866.02540378443871, "x": 1300.0}, "16": {"z": 0.0, "y": -173.20508075688772, "x": 1300.0}, "17": {"z": 0.0, "y": 346.41016151377551, "x": 800.0}, "18": {"z": 0.0, "y": 866.02540378443871, "x": -100.0}, "19": {"z": 0.0, "y": 173.20508075688772, "x": 1100.0}, "20": {"z": 0.0, "y": 1039.2304845413264, "x": 1000.0}, "21": {"z": 0.0, "y": 173.20508075688772, "x": 500.0}, "22": {"z": 0.0, "y": 1212.435565298214, "x": 1300.0}, "23": {"z": 0.0, "y": 692.8203230275509, "x": 1400.0}, "24": {"z": 0.0, "y": 1385.6406460551018, "x": 200.0}, "25": {"z": 0.0, "y": 1212.435565298214, "x": -100.0}, "26": {"z": 0.0, "y": 1385.6406460551018, "x": -200.0}, "27": {"z": 0.0, "y": 1732.0508075688774, "x": 200.0}, "28": {"z": 0.0, "y": 1212.435565298214, "x": 500.0}, "29": {"z": 0.0, "y": 1732.0508075688774, "x": 800.0}, "30": {"z": 0.0, "y": 519.6152422706632, "x": 1300.0}, "31": {"z": 0.0, "y": 0.0, "x": 1400.0}, "32": {"z": 0.0, "y": 1558.8457268119896, "x": 100.0}, "33": {"z": 0.0, "y": 1558.8457268119896, "x": 500.0}, "34": {"z": 0.0, "y": 519.6152422706632, "x": 100.0}, "35": {"z": 0.0, "y": 173.20508075688772, "x": -100.0}, "36": {"z": 0.0, "y": 519.6152422706632, "x": -100.0}, "37": {"z": 0.0, "y": 173.20508075688772, "x": 100.0}, "38": {"z": 0.0, "y": 692.8203230275509, "x": 800.0}, "39": {"z": 0.0, "y": 346.41016151377545, "x": -200.0}, "40": {"z": 0.0, "y": 519.6152422706632, "x": 700.0}, "41": {"z": 0.0, "y": 1732.0508075688774, "x": 400.0}, "42": {"z": 0.0, "y": 1212.435565298214, "x": 1100.0}, "43": {"z": 0.0, "y": -173.20508075688772, "x": -100.0}, "44": {"z": 0.0, "y": 1039.2304845413264, "x": -200.0}, "45": {"z": 0.0, "y": 1039.2304845413264, "x": 400.0}, "46": {"z": 0.0, "y": 1385.6406460551018, "x": 400.0}, "47": {"z": 0.0, "y": 0.0, "x": 1000.0}, "48": {"z": 0.0, "y": 1385.6406460551018, "x": 1400.0}, "49": {"z": 0.0, "y": 1385.6406460551018, "x": 1000.0}, "50": {"z": 0.0, "y": 1558.8457268119896, "x": 1300.0}, "51": {"z": 0.0, "y": 866.02540378443859, "x": 700.0}, "52": {"z": 0.0, "y": 346.41016151377551, "x": 200.0}, "53": {"z": 0.0, "y": -173.20508075688772, "x": 700.0}, "54": {"z": 0.0, "y": 346.41016151377545, "x": 400.0}, "55": {"z": 0.0, "y": 1039.2304845413264, "x": 1400.0}, "56": {"z": 0.0, "y": 0.0, "x": -200.0}, "57": {"z": 0.0, "y": 1212.4355652982142, "x": 100.0}, "58": {"z": 0.0, "y": 1039.2304845413264, "x": 800.0}, "59": {"z": 0.0, "y": 173.20508075688772, "x": 1300.0}, "60": {"z": 0.0, "y": 1385.6406460551018, "x": 800.0}, "61": {"z": 0.0, "y": 692.8203230275509, "x": 1000.0}, "62": {"z": 0.0, "y": 1732.0508075688774, "x": 1000.0}, "63": {"z": 0.0, "y": 519.6152422706632, "x": 500.0}, "64": {"z": 0.0, "y": 1212.4355652982142, "x": 700.0}, "65": {"z": 0.0, "y": -173.20508075688772, "x": 1100.0}, "66": {"z": 0.0, "y": 346.41016151377545, "x": 1400.0}, "67": {"z": 0.0, "y": 866.02540378443859, "x": 100.0}, "68": {"z": 0.0, "y": -173.20508075688772, "x": 500.0}, "69": {"z": 0.0, "y": 1558.8457268119896, "x": -100.0}}}}