{"max_vertex": 63, "max_face": 49, "dfa": {}, "vertex": {"0": {"y": -27.247470509864229, "z": 0.0, "x": 58.128241898581045}, "1": {"y": -77.247470509864243, "z": 0.0, "x": 88.128241898581052}, "2": {"y": -77.247470509864243, "z": 0.0, "x": 48.128241898581045}, "3": {"y": -47.247470509864229, "z": 0.0, "x": 88.128241898581052}, "4": {"y": -57.247470509864229, "z": 0.0, "x": 118.12824189858105}, "5": {"y": -87.247470509864243, "z": 0.0, "x": 58.128241898581045}, "6": {"y": -37.247470509864229, "z": 0.0, "x": 48.128241898581045}, "7": {"y": -27.247470509864229, "z": 0.0, "x": 108.12824189858105}, "8": {"y": -57.247470509864229, "z": 0.0, "x": 98.128241898581052}, "9": {"y": -27.247470509864229, "z": 0.0, "x": 98.128241898581052}, "10": {"y": -77.247470509864243, "z": 0.0, "x": 68.128241898581052}, "11": {"y": -67.247470509864229, "z": 0.0, "x": 98.128241898581052}, "12": {"y": -97.247470509864243, "z": 0.0, "x": 108.12824189858105}, "13": {"y": -47.247470509864229, "z": 0.0, "x": 98.128241898581052}, "14": {"y": -97.247470509864243, "z": 0.0, "x": 48.128241898581045}, "15": {"y": -47.247470509864229, "z": 0.0, "x": 78.128241898581052}, "16": {"y": -57.247470509864229, "z": 0.0, "x": 58.128241898581045}, "17": {"y": -67.247470509864229, "z": 0.0, "x": 48.128241898581045}, "18": {"y": -67.247470509864229, "z": 0.0, "x": 58.128241898581045}, "19": {"y": -97.247470509864243, "z": 0.0, "x": 58.128241898581045}, "20": {"y": -97.247470509864243, "z": 0.0, "x": 118.12824189858105}, "21": {"y": -97.247470509864243, "z": 0.0, "x": 88.128241898581052}, "22": {"y": -67.247470509864229, "z": 0.0, "x": 108.12824189858105}, "23": {"y": -67.247470509864229, "z": 0.0, "x": 118.12824189858105}, "24": {"y": -47.247470509864229, "z": 0.0, "x": 108.12824189858105}, "25": {"y": -47.247470509864229, "z": 0.0, "x": 68.128241898581052}, "26": {"y": -27.247470509864229, "z": 0.0, "x": 48.128241898581038}, "27": {"y": -67.247470509864229, "z": 0.0, "x": 88.128241898581038}, "28": {"y": -67.247470509864229, "z": 0.0, "x": 78.128241898581052}, "29": {"y": -37.247470509864229, "z": 0.0, "x": 78.128241898581052}, "30": {"y": -37.247470509864229, "z": 0.0, "x": 88.128241898581038}, "31": {"y": -27.247470509864229, "z": 0.0, "x": 118.12824189858105}, "32": {"y": -97.247470509864243, "z": 0.0, "x": 68.128241898581052}, "33": {"y": -97.247470509864243, "z": 0.0, "x": 98.128241898581052}, "34": {"y": -57.247470509864229, "z": 0.0, "x": 108.12824189858105}, "35": {"y": -37.247470509864229, "z": 0.0, "x": 98.128241898581052}, "36": {"y": -47.247470509864229, "z": 0.0, "x": 58.128241898581045}, "37": {"y": -37.247470509864229, "z": 0.0, "x": 68.128241898581052}, "38": {"y": -27.247470509864229, "z": 0.0, "x": 68.128241898581052}, "39": {"y": -37.247470509864229, "z": 0.0, "x": 118.12824189858105}, "40": {"y": -77.247470509864243, "z": 0.0, "x": 118.12824189858105}, "41": {"y": -57.247470509864229, "z": 0.0, "x": 88.128241898581038}, "42": {"y": -87.247470509864243, "z": 0.0, "x": 108.12824189858105}, "43": {"y": -77.247470509864243, "z": 0.0, "x": 58.128241898581045}, "44": {"y": -87.247470509864243, "z": 0.0, "x": 118.12824189858102}, "45": {"y": -47.247470509864229, "z": 0.0, "x": 48.128241898581045}, "46": {"y": -87.247470509864243, "z": 0.0, "x": 78.128241898581038}, "47": {"y": -37.247470509864229, "z": 0.0, "x": 108.12824189858105}, "48": {"y": -67.247470509864229, "z": 0.0, "x": 68.128241898581052}, "49": {"y": -57.247470509864229, "z": 0.0, "x": 68.128241898581052}, "50": {"y": -47.247470509864229, "z": 0.0, "x": 118.12824189858105}, "51": {"y": -27.247470509864229, "z": 0.0, "x": 78.128241898581052}, "52": {"y": -57.247470509864229, "z": 0.0, "x": 78.128241898581052}, "53": {"y": -27.247470509864229, "z": 0.0, "x": 88.128241898581052}, "54": {"y": -87.247470509864243, "z": 0.0, "x": 88.128241898581024}, "55": {"y": -77.247470509864243, "z": 0.0, "x": 108.12824189858105}, "56": {"y": -57.247470509864229, "z": 0.0, "x": 48.128241898581045}, "57": {"y": -97.247470509864243, "z": 0.0, "x": 78.128241898581052}, "58": {"y": -87.247470509864243, "z": 0.0, "x": 68.128241898581052}, "59": {"y": -37.247470509864229, "z": 0.0, "x": 58.128241898581045}, "60": {"y": -77.247470509864243, "z": 0.0, "x": 98.128241898581052}, "61": {"y": -87.247470509864243, "z": 0.0, "x": 98.128241898581052}, "62": {"y": -77.247470509864243, "z": 0.0, "x": 78.128241898581052}, "63": {"y": -87.247470509864243, "z": 0.0, "x": 48.128241898581045}}, "dea": {}, "face": {"0": [14, 63, 2, 17, 56, 45, 6, 26, 0, 38, 51, 53, 9, 7, 31, 39, 50, 4, 23, 40, 44, 20, 12, 33, 21, 57, 32, 19], "1": [0, 59, 37, 38], "2": [59, 0, 26, 6], "3": [2, 63, 5, 43], "4": [2, 43, 18, 17], "5": [3, 30, 29, 15], "6": [30, 3, 13, 35], "7": [13, 3, 41, 8], "8": [4, 50, 24, 34], "9": [23, 4, 34, 22], "10": [5, 63, 14, 19], "11": [59, 6, 45, 36], "12": [7, 9, 35, 47], "13": [31, 7, 47, 39], "14": [13, 8, 34, 24], "15": [10, 43, 5, 58], "16": [43, 10, 48, 18], "17": [48, 10, 62, 28], "18": [11, 8, 41, 27], "19": [8, 11, 22, 34], "20": [22, 11, 60, 55], "21": [60, 11, 27, 1], "22": [12, 42, 61, 33], "23": [42, 12, 20, 44], "24": [13, 24, 47, 35], "25": [3, 15, 52, 41], "26": [16, 49, 25, 36], "27": [49, 16, 18, 48], "28": [16, 36, 45, 56], "29": [16, 56, 17, 18], "30": [19, 32, 58, 5], "31": [57, 21, 54, 46], "32": [22, 55, 40, 23], "33": [24, 50, 39, 47], "34": [25, 49, 52, 15], "35": [36, 25, 37, 59], "36": [37, 25, 15, 29], "37": [27, 28, 62, 1], "38": [28, 27, 41, 52], "39": [48, 28, 52, 49], "40": [29, 51, 38, 37], "41": [51, 29, 30, 53], "42": [30, 35, 9, 53], "43": [21, 33, 61, 54], "44": [44, 40, 55, 42], "45": [57, 46, 58, 32], "46": [58, 46, 62, 10], "47": [46, 54, 1, 62], "48": [1, 54, 61, 60], "49": [42, 55, 60, 61]}, "facedata": {"0": {}, "1": {}, "2": {}, "3": {}, "4": {}, "5": {}, "6": {}, "7": {}, "8": {}, "9": {}, "10": {}, "11": {}, "12": {}, "13": {}, "14": {}, "15": {}, "16": {}, "17": {}, "18": {}, "19": {}, "20": {}, "21": {}, "22": {}, "23": {}, "24": {}, "25": {}, "26": {}, "27": {}, "28": {}, "29": {}, "30": {}, "31": {}, "32": {}, "33": {}, "34": {}, "35": {}, "36": {}, "37": {}, "38": {}, "39": {}, "40": {}, "41": {}, "42": {}, "43": {}, "44": {}, "45": {}, "46": {}, "47": {}, "48": {}, "49": {}}, "attributes": {"name": "Mesh"}, "dva": {"y": 0.0, "z": 0.0, "x": 0.0}, "edgedata": {}}